Date,^GSPC,^RUT
2019-08-01,2953.56005859375,1550.760009765625
2019-08-02,2932.050048828125,1533.6600341796875
2019-08-05,2844.739990234375,1487.4100341796875
2019-08-06,2881.77001953125,1502.0899658203125
2019-08-07,2883.97998046875,1500.68994140625
2019-08-08,2938.090087890625,1532.1300048828125
2019-08-09,2918.64990234375,1513.0400390625
2019-08-12,2882.699951171875,1495.9000244140625
2019-08-13,2926.320068359375,1510.5799560546875
2019-08-14,2840.60009765625,1467.52001953125
2019-08-15,2847.60009765625,1461.6500244140625
2019-08-16,2888.679931640625,1493.6400146484375
2019-08-19,2923.64990234375,1508.8499755859375
2019-08-20,2900.510009765625,1498.010009765625
2019-08-21,2924.429931640625,1509.8499755859375
2019-08-22,2922.949951171875,1506.0
2019-08-23,2847.110107421875,1459.489990234375
2019-08-26,2878.3798828125,1476.0
2019-08-27,2869.159912109375,1456.0400390625
2019-08-28,2887.93994140625,1472.7099609375
2019-08-29,2924.580078125,1496.719970703125
2019-08-30,2926.4599609375,1494.8399658203125
2019-09-03,2906.27001953125,1472.280029296875
2019-09-04,2937.780029296875,1484.760009765625
2019-09-05,2976.0,1510.75
2019-09-06,2978.7099609375,1505.1700439453125
2019-09-09,2978.429931640625,1524.22998046875
2019-09-10,2979.389892578125,1541.6099853515625
2019-09-11,3000.929931640625,1575.7099609375
2019-09-12,3009.570068359375,1575.0699462890625
2019-09-13,3007.389892578125,1578.1400146484375
2019-09-16,2997.9599609375,1584.5999755859375
2019-09-17,3005.699951171875,1578.2900390625
2019-09-18,3006.72998046875,1568.3399658203125
2019-09-19,3006.7900390625,1561.469970703125
2019-09-20,2992.070068359375,1559.760009765625
2019-09-23,2991.780029296875,1558.25
2019-09-24,2966.60009765625,1533.5899658203125
2019-09-25,2984.8701171875,1550.6500244140625
2019-09-26,2977.6201171875,1533.3299560546875
2019-09-27,2961.7900390625,1520.47998046875
2019-09-30,2976.739990234375,1523.3699951171875
2019-10-01,2940.25,1493.4300537109375
2019-10-02,2887.610107421875,1479.6300048828125
2019-10-03,2910.6298828125,1486.3499755859375
2019-10-04,2952.010009765625,1500.699951171875
2019-10-07,2938.7900390625,1497.7900390625
2019-10-08,2893.06005859375,1472.5999755859375
2019-10-09,2919.39990234375,1479.4599609375
2019-10-10,2938.1298828125,1485.3599853515625
2019-10-11,2970.27001953125,1511.9000244140625
2019-10-14,2966.14990234375,1505.4300537109375
2019-10-15,2995.679931640625,1523.300048828125
2019-10-16,2989.68994140625,1525.06005859375
2019-10-17,2997.949951171875,1541.8399658203125
2019-10-18,2986.199951171875,1535.47998046875
2019-10-21,3006.719970703125,1552.4100341796875
2019-10-22,2995.989990234375,1550.8699951171875
2019-10-23,3004.52001953125,1552.8599853515625
2019-10-24,3010.2900390625,1548.489990234375
2019-10-25,3022.550048828125,1558.7099609375
2019-10-28,3039.419921875,1571.9300537109375
2019-10-29,3036.889892578125,1577.0699462890625
2019-10-30,3046.77001953125,1572.8499755859375
2019-10-31,3037.56005859375,1562.449951171875
2019-11-01,3066.909912109375,1589.3299560546875
2019-11-04,3078.27001953125,1597.4000244140625
2019-11-05,3074.6201171875,1599.6099853515625
2019-11-06,3076.780029296875,1589.5400390625
2019-11-07,3085.179931640625,1593.989990234375
2019-11-08,3093.080078125,1598.8599853515625
2019-11-11,3087.010009765625,1594.77001953125
2019-11-12,3091.840087890625,1595.1199951171875
2019-11-13,3094.0400390625,1589.1800537109375
2019-11-14,3096.6298828125,1588.7900390625
2019-11-15,3120.4599609375,1596.449951171875
2019-11-18,3122.030029296875,1592.3399658203125
2019-11-19,3120.179931640625,1598.2900390625
2019-11-20,3108.4599609375,1591.6099853515625
2019-11-21,3103.5400390625,1583.9599609375
2019-11-22,3110.2900390625,1588.93994140625
2019-11-25,3133.639892578125,1621.9000244140625
2019-11-26,3140.52001953125,1624.22998046875
2019-11-27,3153.6298828125,1634.0999755859375
2019-11-29,3140.97998046875,1624.5
2019-12-02,3113.8701171875,1607.5799560546875
2019-12-03,3093.199951171875,1602.6300048828125
2019-12-04,3112.760009765625,1613.9000244140625
2019-12-05,3117.429931640625,1614.8299560546875
2019-12-06,3145.909912109375,1633.8399658203125
2019-12-09,3135.9599609375,1629.6199951171875
2019-12-10,3132.52001953125,1631.7099609375
2019-12-11,3141.6298828125,1631.9300537109375
2019-12-12,3168.570068359375,1644.81005859375
2019-12-13,3168.800048828125,1637.97998046875
2019-12-16,3191.449951171875,1649.93994140625
2019-12-17,3192.52001953125,1657.56005859375
2019-12-18,3191.139892578125,1661.72998046875
2019-12-19,3205.3701171875,1667.0899658203125
2019-12-20,3221.219970703125,1671.9000244140625
2019-12-23,3224.010009765625,1674.1400146484375
2019-12-24,3223.3798828125,1678.010009765625
2019-12-26,3239.909912109375,1677.6700439453125
2019-12-27,3240.02001953125,1669.030029296875
2019-12-30,3221.2900390625,1664.1500244140625
2019-12-31,3230.780029296875,1668.469970703125
2020-01-02,3257.85009765625,1666.77001953125
2020-01-03,3234.85009765625,1660.8699951171875
2020-01-06,3246.280029296875,1663.260009765625
2020-01-07,3237.179931640625,1658.31005859375
2020-01-08,3253.050048828125,1663.5899658203125
2020-01-09,3274.699951171875,1664.989990234375
2020-01-10,3265.35009765625,1657.6400146484375
2020-01-13,3288.1298828125,1669.6099853515625
2020-01-14,3283.14990234375,1675.739990234375
2020-01-15,3289.2900390625,1682.4000244140625
2020-01-16,3316.81005859375,1705.219970703125
2020-01-17,3329.6201171875,1699.6400146484375
2020-01-21,3320.7900390625,1685.9000244140625
2020-01-22,3321.75,1684.4599609375
2020-01-23,3325.5400390625,1685.010009765625
2020-01-24,3295.469970703125,1662.22998046875
2020-01-27,3243.6298828125,1644.1400146484375
2020-01-28,3276.239990234375,1658.31005859375
2020-01-29,3273.39990234375,1649.219970703125
2020-01-30,3283.659912109375,1648.219970703125
2020-01-31,3225.52001953125,1614.06005859375
2020-02-03,3248.919921875,1632.2099609375
2020-02-04,3297.590087890625,1656.77001953125
2020-02-05,3334.68994140625,1681.9200439453125
2020-02-06,3345.780029296875,1677.4599609375
2020-02-07,3327.7099609375,1656.780029296875
2020-02-10,3352.090087890625,1667.6700439453125
2020-02-11,3357.75,1677.510009765625
2020-02-12,3379.449951171875,1689.3800048828125
2020-02-13,3373.93994140625,1693.739990234375
2020-02-14,3380.159912109375,1687.5799560546875
2020-02-18,3370.2900390625,1683.52001953125
2020-02-19,3386.14990234375,1692.5699462890625
2020-02-20,3373.22998046875,1696.0699462890625
2020-02-21,3337.75,1678.6099853515625
2020-02-24,3225.889892578125,1628.0999755859375
2020-02-25,3128.2099609375,1571.9000244140625
2020-02-26,3116.389892578125,1552.760009765625
2020-02-27,2978.760009765625,1497.8699951171875
2020-02-28,2954.219970703125,1476.4300537109375
2020-03-02,3090.22998046875,1518.489990234375
2020-03-03,3003.3701171875,1486.0799560546875
2020-03-04,3130.1201171875,1531.199951171875
2020-03-05,3023.93994140625,1478.8199462890625
2020-03-06,2972.3701171875,1449.219970703125
2020-03-09,2746.56005859375,1313.43994140625
2020-03-10,2882.22998046875,1350.9000244140625
2020-03-11,2741.3798828125,1264.300048828125
2020-03-12,2480.639892578125,1122.9300537109375
2020-03-13,2711.02001953125,1210.1300048828125
2020-03-16,2386.1298828125,1037.4200439453125
2020-03-17,2529.18994140625,1106.510009765625
2020-03-18,2398.10009765625,991.1599731445312
2020-03-19,2409.389892578125,1058.75
2020-03-20,2304.919921875,1013.8900146484375
2020-03-23,2237.39990234375,1002.4000244140625
2020-03-24,2447.330078125,1096.5400390625
2020-03-25,2475.56005859375,1110.3699951171875
2020-03-26,2630.070068359375,1180.3199462890625
2020-03-27,2541.469970703125,1131.989990234375
2020-03-30,2626.64990234375,1158.3199462890625
2020-03-31,2584.590087890625,1153.0999755859375
2020-04-01,2470.5,1071.989990234375
2020-04-02,2526.89990234375,1085.81005859375
2020-04-03,2488.64990234375,1052.050048828125
2020-04-06,2663.679931640625,1138.780029296875
2020-04-07,2659.409912109375,1139.1700439453125
2020-04-08,2749.97998046875,1191.6600341796875
2020-04-09,2789.820068359375,1246.72998046875
2020-04-13,2761.6298828125,1212.0400390625
2020-04-14,2846.06005859375,1237.3299560546875
2020-04-15,2783.360107421875,1183.97998046875
2020-04-16,2799.550048828125,1178.0899658203125
2020-04-17,2874.56005859375,1229.0999755859375
2020-04-20,2823.159912109375,1213.3499755859375
2020-04-21,2736.56005859375,1185.0899658203125
2020-04-22,2799.31005859375,1201.52001953125
2020-04-23,2797.800048828125,1214.06005859375
2020-04-24,2836.739990234375,1233.050048828125
2020-04-27,2878.47998046875,1281.8800048828125
2020-04-28,2863.389892578125,1298.0799560546875
2020-04-29,2939.510009765625,1360.760009765625
2020-04-30,2912.429931640625,1310.6600341796875
2020-05-01,2830.7099609375,1260.47998046875
2020-05-04,2842.739990234375,1263.969970703125
2020-05-05,2868.43994140625,1273.510009765625
2020-05-06,2848.419921875,1263.010009765625
2020-05-07,2881.18994140625,1282.9300537109375
2020-05-08,2929.800048828125,1329.6400146484375
2020-05-11,2930.18994140625,1321.239990234375
2020-05-12,2870.1201171875,1275.5400390625
2020-05-13,2820.0,1233.25
2020-05-14,2852.5,1237.550048828125
2020-05-15,2863.699951171875,1256.989990234375
2020-05-18,2953.909912109375,1333.68994140625
2020-05-19,2922.93994140625,1307.719970703125
2020-05-20,2971.610107421875,1346.9300537109375
2020-05-21,2948.510009765625,1347.56005859375
2020-05-22,2955.449951171875,1355.530029296875
2020-05-26,2991.77001953125,1393.0699462890625
2020-05-27,3036.1298828125,1436.3599853515625
2020-05-28,3029.72998046875,1400.6700439453125
2020-05-29,3044.31005859375,1394.0400390625
2020-06-01,3055.72998046875,1405.3699951171875
2020-06-02,3080.820068359375,1418.2099609375
2020-06-03,3122.8701171875,1452.0899658203125
2020-06-04,3112.35009765625,1452.06005859375
2020-06-05,3193.929931640625,1507.1500244140625
2020-06-08,3232.389892578125,1536.8900146484375
2020-06-09,3207.179931640625,1507.050048828125
2020-06-10,3190.139892578125,1467.3900146484375
2020-06-11,3002.10009765625,1356.219970703125
2020-06-12,3041.31005859375,1387.6800537109375
2020-06-15,3066.590087890625,1419.6099853515625
2020-06-16,3124.739990234375,1452.260009765625
2020-06-17,3113.489990234375,1426.530029296875
2020-06-18,3115.340087890625,1427.3299560546875
2020-06-19,3097.739990234375,1418.6300048828125
2020-06-22,3117.860107421875,1433.530029296875
2020-06-23,3131.2900390625,1439.3399658203125
2020-06-24,3050.330078125,1389.739990234375
2020-06-25,3083.760009765625,1413.31005859375
2020-06-26,3009.050048828125,1378.780029296875
2020-06-29,3053.239990234375,1421.2099609375
2020-06-30,3100.2900390625,1441.3699951171875
2020-07-01,3115.860107421875,1427.31005859375
2020-07-02,3130.010009765625,1431.8599853515625
2020-07-06,3179.719970703125,1442.8800048828125
2020-07-07,3145.320068359375,1416.0
2020-07-08,3169.93994140625,1427.4000244140625
2020-07-09,3152.050048828125,1398.9200439453125
2020-07-10,3185.0400390625,1422.6800537109375
2020-07-13,3155.219970703125,1403.5699462890625
2020-07-14,3197.52001953125,1428.260009765625
2020-07-15,3226.56005859375,1478.27001953125
2020-07-16,3215.570068359375,1467.56005859375
2020-07-17,3224.72998046875,1473.3199462890625
2020-07-20,3251.840087890625,1467.949951171875
2020-07-21,3257.300048828125,1487.510009765625
2020-07-22,3276.02001953125,1490.1400146484375
2020-07-23,3235.659912109375,1490.199951171875
2020-07-24,3215.6298828125,1467.550048828125
2020-07-27,3239.409912109375,1484.6500244140625
2020-07-28,3218.43994140625,1469.760009765625
2020-07-29,3258.43994140625,1500.6300048828125
2020-07-30,3246.219970703125,1495.0999755859375
2020-07-31,3271.1201171875,1480.4300537109375
2020-08-03,3294.610107421875,1506.800048828125
2020-08-04,3306.510009765625,1517.2099609375
2020-08-05,3327.77001953125,1546.239990234375
2020-08-06,3349.159912109375,1544.6199951171875
2020-08-07,3351.280029296875,1569.1800537109375
2020-08-10,3360.469970703125,1584.6700439453125
2020-08-11,3333.68994140625,1575.0999755859375
2020-08-12,3380.35009765625,1583.25
2020-08-13,3373.429931640625,1579.7900390625
2020-08-14,3372.85009765625,1577.8800048828125
2020-08-17,3381.989990234375,1585.469970703125
2020-08-18,3389.780029296875,1569.77001953125
2020-08-19,3374.85009765625,1572.0699462890625
2020-08-20,3385.510009765625,1564.300048828125
2020-08-21,3397.159912109375,1552.47998046875
2020-08-24,3431.280029296875,1568.469970703125
2020-08-25,3443.6201171875,1571.2099609375
2020-08-26,3478.72998046875,1560.18994140625
2020-08-27,3484.550048828125,1564.56005859375
2020-08-28,3508.010009765625,1578.3399658203125
2020-08-31,3500.31005859375,1561.8800048828125
2020-09-01,3526.64990234375,1578.5799560546875
2020-09-02,3580.840087890625,1592.2900390625
2020-09-03,3455.06005859375,1544.6800537109375
2020-09-04,3426.9599609375,1535.300048828125
2020-09-08,3331.840087890625,1504.5899658203125
2020-09-09,3398.9599609375,1526.47998046875
2020-09-10,3339.18994140625,1507.75
2020-09-11,3340.969970703125,1497.27001953125
2020-09-14,3383.5400390625,1536.969970703125
2020-09-15,3401.199951171875,1538.1500244140625
2020-09-16,3385.489990234375,1552.3299560546875
2020-09-17,3357.010009765625,1542.5999755859375
2020-09-18,3319.469970703125,1536.780029296875
2020-09-21,3281.06005859375,1485.25
2020-09-22,3315.570068359375,1496.9599609375
2020-09-23,3236.919921875,1451.4599609375
2020-09-24,3246.590087890625,1451.8199462890625
2020-09-25,3298.4599609375,1474.9100341796875
2020-09-28,3351.60009765625,1510.3399658203125
2020-09-29,3335.469970703125,1504.72998046875
2020-09-30,3363.0,1507.68994140625
2020-10-01,3380.800048828125,1531.199951171875
2020-10-02,3348.419921875,1539.300048828125
2020-10-05,3408.60009765625,1581.9599609375
2020-10-06,3360.969970703125,1577.2900390625
2020-10-07,3419.43994140625,1611.0400390625
2020-10-08,3446.830078125,1628.550048828125
2020-10-09,3477.139892578125,1637.550048828125
2020-10-12,3534.219970703125,1649.050048828125
2020-10-13,3511.929931640625,1636.8499755859375
2020-10-14,3488.669921875,1621.6500244140625
2020-10-15,3483.340087890625,1638.8800048828125
2020-10-16,3483.81005859375,1633.81005859375
2020-10-19,3426.919921875,1613.6300048828125
2020-10-20,3443.1201171875,1617.7099609375
2020-10-21,3435.56005859375,1603.780029296875
2020-10-22,3453.489990234375,1630.25
2020-10-23,3465.389892578125,1640.5
2020-10-26,3400.969970703125,1605.2099609375
2020-10-27,3390.679931640625,1590.7099609375
2020-10-28,3271.030029296875,1543.280029296875
2020-10-29,3310.110107421875,1561.5799560546875
2020-10-30,3269.9599609375,1538.47998046875
2020-11-02,3310.239990234375,1568.5899658203125
2020-11-03,3369.159912109375,1614.300048828125
2020-11-04,3443.43994140625,1615.0799560546875
2020-11-05,3510.449951171875,1660.050048828125
2020-11-06,3509.43994140625,1648.260009765625
2020-11-09,3550.5,1705.0400390625
2020-11-10,3545.530029296875,1737.010009765625
2020-11-11,3572.659912109375,1736.93994140625
2020-11-12,3537.010009765625,1708.469970703125
2020-11-13,3585.14990234375,1744.0400390625
2020-11-16,3626.909912109375,1785.3399658203125
2020-11-17,3609.530029296875,1791.9100341796875
2020-11-18,3567.7900390625,1769.3199462890625
2020-11-19,3581.8701171875,1784.1300048828125
2020-11-20,3557.5400390625,1785.3399658203125
2020-11-23,3577.590087890625,1818.300048828125
2020-11-24,3635.409912109375,1853.530029296875
2020-11-25,3629.64990234375,1845.02001953125
2020-11-27,3638.35009765625,1855.27001953125
2020-11-30,3621.6298828125,1819.8199462890625
2020-12-01,3662.449951171875,1836.050048828125
2020-12-02,3669.010009765625,1838.030029296875
2020-12-03,3666.719970703125,1848.699951171875
2020-12-04,3699.1201171875,1892.449951171875
2020-12-07,3691.9599609375,1891.25
2020-12-08,3702.25,1917.780029296875
2020-12-09,3672.820068359375,1902.1500244140625
2020-12-10,3668.10009765625,1922.699951171875
2020-12-11,3663.4599609375,1911.699951171875
2020-12-14,3647.489990234375,1913.8599853515625
2020-12-15,3694.6201171875,1959.760009765625
2020-12-16,3701.169921875,1952.719970703125
2020-12-17,3722.47998046875,1978.050048828125
2020-12-18,3709.409912109375,1969.989990234375
2020-12-21,3694.919921875,1970.3299560546875
2020-12-22,3687.260009765625,1989.8800048828125
2020-12-23,3690.010009765625,2007.0999755859375
2020-12-24,3703.06005859375,2003.949951171875
2020-12-28,3735.360107421875,1996.25
2020-12-29,3727.0400390625,1959.3599853515625
2020-12-30,3732.0400390625,1979.989990234375
2020-12-31,3756.070068359375,1974.8599853515625
2021-01-04,3700.64990234375,1945.9100341796875
2021-01-05,3726.860107421875,1979.1099853515625
2021-01-06,3748.139892578125,2057.919921875
2021-01-07,3803.7900390625,2096.889892578125
2021-01-08,3824.679931640625,2091.659912109375
2021-01-11,3799.610107421875,2091.010009765625
2021-01-12,3801.18994140625,2127.9599609375
2021-01-13,3809.840087890625,2111.969970703125
2021-01-14,3795.5400390625,2155.35009765625
2021-01-15,3768.25,2123.199951171875
2021-01-19,3798.909912109375,2151.139892578125
2021-01-20,3851.85009765625,2160.6201171875
2021-01-21,3853.070068359375,2141.419921875
2021-01-22,3841.469970703125,2168.760009765625
2021-01-25,3855.360107421875,2163.27001953125
2021-01-26,3849.6201171875,2149.860107421875
2021-01-27,3750.77001953125,2108.699951171875
2021-01-28,3787.3798828125,2106.610107421875
2021-01-29,3714.239990234375,2073.639892578125
2021-02-01,3773.860107421875,2126.159912109375
2021-02-02,3826.31005859375,2151.43994140625
2021-02-03,3830.169921875,2159.699951171875
2021-02-04,3871.739990234375,2202.419921875
2021-02-05,3886.830078125,2233.330078125
2021-02-08,3915.590087890625,2289.760009765625
2021-02-09,3911.22998046875,2299.0
2021-02-10,3909.8798828125,2282.43994140625
2021-02-11,3916.3798828125,2285.320068359375
2021-02-12,3934.830078125,2289.360107421875
2021-02-16,3932.590087890625,2272.889892578125
2021-02-17,3931.330078125,2256.110107421875
2021-02-18,3913.969970703125,2218.389892578125
2021-02-19,3906.7099609375,2266.68994140625
2021-02-22,3876.5,2251.070068359375
2021-02-23,3881.3701171875,2231.31005859375
2021-02-24,3925.429931640625,2284.3798828125
2021-02-25,3829.340087890625,2200.169921875
2021-02-26,3811.14990234375,2201.050048828125
2021-03-01,3901.820068359375,2275.320068359375
2021-03-02,3870.2900390625,2231.510009765625
2021-03-03,3819.719970703125,2207.7900390625
2021-03-04,3768.469970703125,2146.919921875
2021-03-05,3841.93994140625,2192.2099609375
2021-03-08,3821.35009765625,2202.97998046875
2021-03-09,3875.43994140625,2245.06005859375
2021-03-10,3898.81005859375,2285.679931640625
2021-03-11,3939.340087890625,2338.5400390625
2021-03-12,3943.340087890625,2352.7900390625
2021-03-15,3968.93994140625,2360.169921875
2021-03-16,3962.7099609375,2319.52001953125
2021-03-17,3974.1201171875,2336.389892578125
2021-03-18,3915.4599609375,2267.590087890625
2021-03-19,3913.10009765625,2287.550048828125
2021-03-22,3940.590087890625,2266.840087890625
2021-03-23,3910.52001953125,2185.68994140625
2021-03-24,3889.139892578125,2134.27001953125
2021-03-25,3909.52001953125,2183.1201171875
2021-03-26,3974.5400390625,2221.47998046875
2021-03-29,3971.090087890625,2158.679931640625
2021-03-30,3958.550048828125,2195.800048828125
2021-03-31,3972.889892578125,2220.52001953125
2021-04-01,4019.8701171875,2253.89990234375
2021-04-05,4077.909912109375,2264.889892578125
2021-04-06,4073.93994140625,2259.14990234375
2021-04-07,4079.949951171875,2223.050048828125
2021-04-08,4097.169921875,2242.60009765625
2021-04-09,4128.7998046875,2243.469970703125
2021-04-12,4127.990234375,2233.780029296875
2021-04-13,4141.58984375,2228.919921875
2021-04-14,4124.66015625,2247.719970703125
2021-04-15,4170.419921875,2257.070068359375
2021-04-16,4185.47021484375,2262.669921875
2021-04-19,4163.259765625,2232.0
2021-04-20,4134.93994140625,2188.2099609375
2021-04-21,4173.419921875,2239.6298828125
2021-04-22,4134.97998046875,2232.610107421875
2021-04-23,4180.169921875,2271.860107421875
2021-04-26,4187.6201171875,2298.010009765625
2021-04-27,4186.72021484375,2301.27001953125
2021-04-28,4183.18017578125,2304.159912109375
2021-04-29,4211.47021484375,2295.4599609375
2021-04-30,4181.169921875,2266.449951171875
2021-05-03,4192.66015625,2277.449951171875
2021-05-04,4164.66015625,2248.2900390625
2021-05-05,4167.58984375,2241.3701171875
2021-05-06,4201.6201171875,2241.419921875
2021-05-07,4232.60009765625,2271.6298828125
2021-05-10,4188.43017578125,2212.699951171875
2021-05-11,4152.10009765625,2206.989990234375
2021-05-12,4063.0400390625,2135.139892578125
2021-05-13,4112.5,2170.949951171875
2021-05-14,4173.85009765625,2224.6298828125
2021-05-17,4163.2900390625,2227.1201171875
2021-05-18,4127.830078125,2210.8798828125
2021-05-19,4115.68017578125,2193.639892578125
2021-05-20,4159.1201171875,2207.760009765625
2021-05-21,4155.85986328125,2215.27001953125
2021-05-24,4197.0498046875,2227.340087890625
2021-05-25,4188.1298828125,2205.75
2021-05-26,4195.990234375,2249.27001953125
2021-05-27,4200.8798828125,2273.070068359375
2021-05-28,4204.10986328125,2268.969970703125
2021-06-01,4202.0400390625,2294.739990234375
2021-06-02,4208.1201171875,2297.830078125
2021-06-03,4192.85009765625,2279.25
2021-06-04,4229.89013671875,2286.409912109375
2021-06-07,4226.52001953125,2319.179931640625
2021-06-08,4227.259765625,2343.760009765625
2021-06-09,4219.5498046875,2327.1298828125
2021-06-10,4239.18017578125,2311.409912109375
2021-06-11,4247.43994140625,2335.81005859375
2021-06-14,4255.14990234375,2326.14990234375
2021-06-15,4246.58984375,2320.070068359375
2021-06-16,4223.7001953125,2314.68994140625
2021-06-17,4221.85986328125,2287.4599609375
2021-06-18,4166.4501953125,2237.75
2021-06-21,4224.7900390625,2286.090087890625
2021-06-22,4246.43994140625,2295.949951171875
2021-06-23,4241.83984375,2303.469970703125
2021-06-24,4266.490234375,2333.6201171875
2021-06-25,4280.7001953125,2334.39990234375
2021-06-28,4290.60986328125,2322.340087890625
2021-06-29,4291.7998046875,2308.840087890625
2021-06-30,4297.5,2310.550048828125
2021-07-01,4319.93994140625,2329.360107421875
2021-07-02,4352.33984375,2305.760009765625
2021-07-06,4343.5400390625,2274.5
2021-07-07,4358.1298828125,2252.85009765625
2021-07-08,4320.81982421875,2231.679931640625
2021-07-09,4369.5498046875,2280.0
2021-07-12,4384.6298828125,2281.820068359375
2021-07-13,4369.2099609375,2238.860107421875
2021-07-14,4374.2998046875,2202.360107421875
2021-07-15,4360.02978515625,2190.2900390625
2021-07-16,4327.16015625,2163.239990234375
2021-07-19,4258.490234375,2130.679931640625
2021-07-20,4323.06005859375,2194.300048828125
2021-07-21,4358.68994140625,2234.0400390625
2021-07-22,4367.47998046875,2199.47998046875
2021-07-23,4411.7900390625,2209.64990234375
2021-07-26,4422.2998046875,2216.919921875
2021-07-27,4401.4599609375,2191.830078125
2021-07-28,4400.64013671875,2224.9599609375
2021-07-29,4419.14990234375,2240.030029296875
2021-07-30,4395.259765625,2226.25
2021-08-02,4387.16015625,2215.5
2021-08-03,4423.14990234375,2223.580078125
2021-08-04,4402.66015625,2196.320068359375
2021-08-05,4429.10009765625,2236.010009765625
2021-08-06,4436.52001953125,2247.760009765625
2021-08-09,4432.35009765625,2234.81005859375
2021-08-10,4436.75,2239.360107421875
2021-08-11,4442.41015625,2250.340087890625
2021-08-12,4460.830078125,2244.070068359375
2021-08-13,4468.0,2223.110107421875
2021-08-16,4479.7099609375,2209.47998046875
2021-08-17,4448.080078125,2177.169921875
2021-08-18,4400.27001953125,2158.780029296875
2021-08-19,4405.7998046875,2132.419921875
2021-08-20,4441.669921875,2167.60009765625
2021-08-23,4479.52978515625,2208.300048828125
2021-08-24,4486.22998046875,2230.909912109375
2021-08-25,4496.18994140625,2239.27001953125
2021-08-26,4470.0,2213.97998046875
2021-08-27,4509.3701171875,2277.14990234375
2021-08-30,4528.7900390625,2265.989990234375
2021-08-31,4522.68017578125,2273.77001953125
2021-09-01,4524.08984375,2287.06005859375
2021-09-02,4536.9501953125,2304.02001953125
2021-09-03,4535.43017578125,2292.050048828125
2021-09-07,4520.02978515625,2275.610107421875
2021-09-08,4514.06982421875,2249.72998046875
2021-09-09,4493.27978515625,2249.1298828125
2021-09-10,4458.580078125,2227.550048828125
2021-09-13,4468.72998046875,2240.780029296875
2021-09-14,4443.0498046875,2209.97998046875
2021-09-15,4480.7001953125,2234.449951171875
2021-09-16,4473.75,2232.909912109375
2021-09-17,4432.990234375,2236.8701171875
2021-09-20,4357.72998046875,2182.199951171875
2021-09-21,4354.18994140625,2186.179931640625
2021-09-22,4395.64013671875,2218.56005859375
2021-09-23,4448.97998046875,2259.0400390625
2021-09-24,4455.47998046875,2248.070068359375
2021-09-27,4443.10986328125,2281.0
2021-09-28,4352.6298828125,2229.780029296875
2021-09-29,4359.4599609375,2225.31005859375
2021-09-30,4307.5400390625,2204.3701171875
2021-10-01,4357.0400390625,2241.6298828125
2021-10-04,4300.4599609375,2217.469970703125
2021-10-05,4345.72021484375,2228.360107421875
2021-10-06,4363.5498046875,2214.9599609375
2021-10-07,4399.759765625,2250.090087890625
2021-10-08,4391.33984375,2233.090087890625
2021-10-11,4361.18994140625,2220.639892578125
2021-10-12,4350.64990234375,2234.27001953125
2021-10-13,4363.7998046875,2241.969970703125
2021-10-14,4438.259765625,2274.179931640625
2021-10-15,4471.3701171875,2265.64990234375
2021-10-18,4486.4599609375,2267.840087890625
2021-10-19,4519.6298828125,2275.909912109375
2021-10-20,4536.18994140625,2289.77001953125
2021-10-21,4549.77978515625,2296.179931640625
2021-10-22,4544.89990234375,2291.27001953125
2021-10-25,4566.47998046875,2312.639892578125
2021-10-26,4574.7900390625,2296.080078125
2021-10-27,4551.68017578125,2252.489990234375
2021-10-28,4596.419921875,2297.97998046875
2021-10-29,4605.3798828125,2297.18994140625
2021-11-01,4613.669921875,2358.1201171875
2021-11-02,4630.64990234375,2361.860107421875
2021-11-03,4660.56982421875,2404.280029296875
2021-11-04,4680.06005859375,2402.429931640625
2021-11-05,4697.52978515625,2437.080078125
2021-11-08,4701.7001953125,2442.739990234375
2021-11-09,4685.25,2427.2900390625
2021-11-10,4646.7099609375,2389.580078125
2021-11-11,4649.27001953125,2409.139892578125
2021-11-12,4682.85009765625,2411.780029296875
2021-11-15,4682.7998046875,2400.929931640625
2021-11-16,4700.89990234375,2405.02001953125
2021-11-17,4688.669921875,2377.010009765625
2021-11-18,4704.5400390625,2363.590087890625
2021-11-19,4697.9599609375,2343.159912109375
2021-11-22,4682.93994140625,2331.35009765625
2021-11-23,4690.7001953125,2327.860107421875
2021-11-24,4701.4599609375,2331.4599609375
2021-11-26,4594.6201171875,2245.93994140625
2021-11-29,4655.27001953125,2241.97998046875
2021-11-30,4567.0,2198.909912109375
2021-12-01,4513.0400390625,2147.419921875
2021-12-02,4577.10009765625,2206.330078125
2021-12-03,4538.43017578125,2159.31005859375
2021-12-06,4591.669921875,2203.47998046875
2021-12-07,4686.75,2253.7900390625
2021-12-08,4701.2099609375,2271.7099609375
2021-12-09,4667.4501953125,2220.2099609375
2021-12-10,4712.02001953125,2211.81005859375
2021-12-13,4668.97021484375,2180.5
2021-12-14,4634.08984375,2159.64990234375
2021-12-15,4709.85009765625,2195.2099609375
2021-12-16,4668.669921875,2152.4599609375
2021-12-17,4620.64013671875,2173.929931640625
2021-12-20,4568.02001953125,2139.8701171875
2021-12-21,4649.22998046875,2202.949951171875
2021-12-22,4696.56005859375,2221.89990234375
2021-12-23,4725.7900390625,2241.580078125
2021-12-27,4791.18994140625,2261.4599609375
2021-12-28,4786.35009765625,2246.510009765625
2021-12-29,4793.06005859375,2249.239990234375
2021-12-30,4778.72998046875,2248.7900390625
2021-12-31,4766.18017578125,2245.31005859375
2022-01-03,4796.56005859375,2272.56005859375
2022-01-04,4793.5400390625,2268.8701171875
2022-01-05,4700.580078125,2194.0
2022-01-06,4696.0498046875,2206.3701171875
2022-01-07,4677.02978515625,2179.81005859375
2022-01-10,4670.2900390625,2171.14990234375
2022-01-11,4713.06982421875,2194.0
2022-01-12,4726.35009765625,2176.06005859375
2022-01-13,4659.02978515625,2159.43994140625
2022-01-14,4662.85009765625,2162.4599609375
2022-01-18,4577.10986328125,2096.22998046875
2022-01-19,4532.759765625,2062.780029296875
2022-01-20,4482.72998046875,2024.0400390625
2022-01-21,4397.93994140625,1987.9200439453125
2022-01-24,4410.1298828125,2033.510009765625
2022-01-25,4356.4501953125,2004.030029296875
2022-01-26,4349.93017578125,1976.4599609375
2022-01-27,4326.509765625,1931.2900390625
2022-01-28,4431.85009765625,1968.510009765625
2022-01-31,4515.5498046875,2028.449951171875
2022-02-01,4546.5400390625,2050.739990234375
2022-02-02,4589.3798828125,2029.52001953125
2022-02-03,4477.43994140625,1991.030029296875
2022-02-04,4500.52978515625,2002.3599853515625
2022-02-07,4483.8701171875,2012.5999755859375
2022-02-08,4521.5400390625,2045.3699951171875
2022-02-09,4587.18017578125,2083.5
2022-02-10,4504.080078125,2051.159912109375
2022-02-11,4418.64013671875,2030.1500244140625
2022-02-14,4401.669921875,2020.7900390625
2022-02-15,4471.06982421875,2076.4599609375
2022-02-16,4475.009765625,2079.31005859375
2022-02-17,4380.259765625,2028.0899658203125
2022-02-18,4348.8701171875,2009.3299560546875
2022-02-22,4304.759765625,1980.1700439453125
2022-02-23,4225.5,1944.0899658203125
2022-02-24,4288.7001953125,1996.010009765625
2022-02-25,4384.64990234375,2040.9300537109375
2022-02-28,4373.93994140625,2048.090087890625
2022-03-01,4306.259765625,2008.510009765625
2022-03-02,4386.5400390625,2058.8701171875
2022-03-03,4363.490234375,2032.4100341796875
2022-03-04,4328.8701171875,2000.9000244140625
2022-03-07,4201.08984375,1951.3299560546875
2022-03-08,4170.7001953125,1963.010009765625
2022-03-09,4277.8798828125,2016.2900390625
2022-03-10,4259.52001953125,2011.6700439453125
2022-03-11,4204.31005859375,1979.6700439453125
2022-03-14,4173.10986328125,1941.719970703125
2022-03-15,4262.4501953125,1968.969970703125
2022-03-16,4357.85986328125,2030.719970703125
2022-03-17,4411.669921875,2065.02001953125
2022-03-18,4463.1201171875,2086.139892578125
2022-03-21,4461.18017578125,2065.93994140625
2022-03-22,4511.60986328125,2088.340087890625
2022-03-23,4456.240234375,2052.2099609375
2022-03-24,4520.16015625,2075.43994140625
2022-03-25,4543.06005859375,2077.97998046875
2022-03-28,4575.52001953125,2078.06005859375
2022-03-29,4631.60009765625,2133.10009765625
2022-03-30,4602.4501953125,2091.070068359375
2022-03-31,4530.41015625,2070.1298828125
2022-04-01,4545.85986328125,2091.110107421875
2022-04-04,4582.64013671875,2095.43994140625
2022-04-05,4525.1201171875,2046.0400390625
2022-04-06,4481.14990234375,2016.93994140625
2022-04-07,4500.2099609375,2009.800048828125
2022-04-08,4488.27978515625,1994.56005859375
2022-04-11,4412.52978515625,1980.3199462890625
2022-04-12,4397.4501953125,1986.93994140625
2022-04-13,4446.58984375,2025.0999755859375
2022-04-14,4392.58984375,2004.97998046875
2022-04-18,4391.68994140625,1990.1300048828125
2022-04-19,4462.2099609375,2030.77001953125
2022-04-20,4459.4501953125,2038.18994140625
2022-04-21,4393.66015625,1991.4599609375
2022-04-22,4271.77978515625,1940.6600341796875
2022-04-25,4296.1201171875,1954.199951171875
2022-04-26,4175.2001953125,1890.469970703125
2022-04-27,4183.9599609375,1884.0400390625
2022-04-28,4287.5,1917.93994140625
2022-04-29,4131.93017578125,1864.0999755859375
2022-05-02,4155.3798828125,1882.9100341796875
2022-05-03,4175.47998046875,1898.8599853515625
2022-05-04,4300.169921875,1949.9200439453125
2022-05-05,4146.8701171875,1871.1500244140625
2022-05-06,4123.33984375,1839.56005859375
2022-05-09,3991.239990234375,1762.0799560546875
2022-05-10,4001.050048828125,1761.7900390625
2022-05-11,3935.179931640625,1718.1400146484375
2022-05-12,3930.080078125,1739.3800048828125
2022-05-13,4023.889892578125,1792.6700439453125
2022-05-16,4008.010009765625,1783.4300537109375
2022-05-17,4088.85009765625,1840.300048828125
2022-05-18,3923.679931640625,1774.8499755859375
2022-05-19,3900.7900390625,1776.219970703125
2022-05-20,3901.360107421875,1773.27001953125
2022-05-23,3973.75,1792.760009765625
2022-05-24,3941.47998046875,1764.8299560546875
2022-05-25,3978.72998046875,1799.1600341796875
2022-05-26,4057.840087890625,1838.239990234375
2022-05-27,4158.240234375,1887.9000244140625
2022-05-31,4132.14990234375,1864.0400390625
2022-06-01,4101.22998046875,1854.8199462890625
2022-06-02,4176.81982421875,1897.6700439453125
2022-06-03,4108.5400390625,1883.050048828125
2022-06-06,4121.43017578125,1889.8900146484375
2022-06-07,4160.68017578125,1919.56005859375
2022-06-08,4115.77001953125,1891.010009765625
2022-06-09,4017.820068359375,1850.8599853515625
2022-06-10,3900.860107421875,1800.280029296875
2022-06-13,3749.6298828125,1714.5899658203125
2022-06-14,3735.47998046875,1707.8299560546875
2022-06-15,3789.989990234375,1731.1400146484375
2022-06-16,3666.77001953125,1649.8399658203125
2022-06-17,3674.840087890625,1665.68994140625
2022-06-21,3764.7900390625,1694.030029296875
2022-06-22,3759.889892578125,1690.280029296875
2022-06-23,3795.72998046875,1711.6700439453125
2022-06-24,3911.739990234375,1765.739990234375
2022-06-27,3900.110107421875,1771.739990234375
2022-06-28,3821.550048828125,1738.8399658203125
2022-06-29,3818.830078125,1719.3699951171875
2022-06-30,3785.3798828125,1707.989990234375
2022-07-01,3825.330078125,1727.760009765625
2022-07-05,3831.389892578125,1741.3299560546875
2022-07-06,3845.080078125,1727.550048828125
2022-07-07,3902.6201171875,1769.5999755859375
2022-07-08,3899.3798828125,1769.3599853515625
2022-07-11,3854.429931640625,1732.010009765625
2022-07-12,3818.800048828125,1728.1800537109375
2022-07-13,3801.780029296875,1726.0400390625
2022-07-14,3790.3798828125,1707.510009765625
2022-07-15,3863.159912109375,1744.3699951171875
2022-07-18,3830.85009765625,1738.4200439453125
2022-07-19,3936.68994140625,1799.3199462890625
2022-07-20,3959.89990234375,1827.949951171875
2022-07-21,3998.949951171875,1836.68994140625
2022-07-22,3961.6298828125,1806.8800048828125
2022-07-25,3966.840087890625,1817.77001953125
2022-07-26,3921.050048828125,1805.25
2022-07-27,4023.610107421875,1848.3399658203125
2022-07-28,4072.429931640625,1873.030029296875
2022-07-29,4130.2900390625,1885.22998046875
2022-08-01,4118.6298828125,1883.31005859375
2022-08-02,4091.18994140625,1882.449951171875
2022-08-03,4155.169921875,1908.9300537109375
2022-08-04,4151.93994140625,1906.4599609375
2022-08-05,4145.18994140625,1921.8199462890625
2022-08-08,4140.06005859375,1941.2099609375
2022-08-09,4122.47021484375,1912.8900146484375
2022-08-10,4210.240234375,1969.25
2022-08-11,4207.27001953125,1975.260009765625
2022-08-12,4280.14990234375,2016.6199951171875
2022-08-15,4297.14013671875,2021.3499755859375
2022-08-16,4305.2001953125,2020.530029296875
2022-08-17,4274.0400390625,1987.31005859375
2022-08-18,4283.740234375,2000.72998046875
2022-08-19,4228.47998046875,1957.3499755859375
2022-08-22,4137.990234375,1915.739990234375
2022-08-23,4128.72998046875,1919.1400146484375
2022-08-24,4140.77001953125,1935.2900390625
2022-08-25,4199.1201171875,1964.6400146484375
2022-08-26,4057.659912109375,1899.8299560546875
2022-08-29,4030.610107421875,1882.93994140625
2022-08-30,3986.159912109375,1855.5899658203125
2022-08-31,3955.0,1844.1199951171875
2022-09-01,3966.85009765625,1822.8199462890625
2022-09-02,3924.260009765625,1809.75
2022-09-06,3908.18994140625,1792.3199462890625
2022-09-07,3979.8701171875,1832.0
2022-09-08,4006.179931640625,1846.9100341796875
2022-09-09,4067.360107421875,1882.8499755859375
2022-09-12,4110.41015625,1906.0899658203125
2022-09-13,3932.68994140625,1831.5699462890625
2022-09-14,3946.010009765625,1838.4599609375
2022-09-15,3901.35009765625,1825.22998046875
2022-09-16,3873.330078125,1798.18994140625
2022-09-19,3899.889892578125,1812.8399658203125
2022-09-20,3855.929931640625,1787.5
2022-09-21,3789.929931640625,1762.1600341796875
2022-09-22,3757.989990234375,1722.31005859375
2022-09-23,3693.22998046875,1679.5899658203125
2022-09-26,3655.0400390625,1655.8800048828125
2022-09-27,3647.2900390625,1662.510009765625
2022-09-28,3719.0400390625,1715.239990234375
2022-09-29,3640.469970703125,1674.9300537109375
2022-09-30,3585.6201171875,1664.719970703125
2022-10-03,3678.429931640625,1708.8699951171875
2022-10-04,3790.929931640625,1775.77001953125
2022-10-05,3783.280029296875,1762.68994140625
2022-10-06,3744.52001953125,1752.510009765625
2022-10-07,3639.659912109375,1702.1500244140625
2022-10-10,3612.389892578125,1691.9200439453125
2022-10-11,3588.840087890625,1692.9200439453125
2022-10-12,3577.030029296875,1687.760009765625
2022-10-13,3669.909912109375,1728.4100341796875
2022-10-14,3583.070068359375,1682.4000244140625
2022-10-17,3677.949951171875,1735.75
2022-10-18,3719.97998046875,1755.9599609375
2022-10-19,3695.159912109375,1725.760009765625
2022-10-20,3665.780029296875,1704.3900146484375
2022-10-21,3752.75,1742.239990234375
2022-10-24,3797.340087890625,1748.4000244140625
2022-10-25,3859.110107421875,1796.1600341796875
2022-10-26,3830.60009765625,1804.3299560546875
2022-10-27,3807.300048828125,1806.3199462890625
2022-10-28,3901.06005859375,1846.9200439453125
2022-10-31,3871.97998046875,1846.8599853515625
2022-11-01,3856.10009765625,1851.3900146484375
2022-11-02,3759.68994140625,1789.1400146484375
2022-11-03,3719.889892578125,1779.72998046875
2022-11-04,3770.550048828125,1799.8699951171875
2022-11-07,3806.800048828125,1809.81005859375
2022-11-08,3828.110107421875,1808.9300537109375
2022-11-09,3748.570068359375,1760.4000244140625
2022-11-10,3956.3701171875,1867.9300537109375
2022-11-11,3992.929931640625,1882.739990234375
2022-11-14,3957.25,1861.25
2022-11-15,3991.72998046875,1889.199951171875
2022-11-16,3958.7900390625,1853.1700439453125
2022-11-17,3946.56005859375,1839.1199951171875
2022-11-18,3965.340087890625,1849.72998046875
2022-11-21,3949.93994140625,1839.1400146484375
2022-11-22,4003.580078125,1860.43994140625
2022-11-23,4027.260009765625,1863.52001953125
2022-11-25,4026.1201171875,1869.18994140625
2022-11-28,3963.93994140625,1830.9599609375
2022-11-29,3957.6298828125,1836.550048828125
2022-11-30,4080.110107421875,1886.5799560546875
2022-12-01,4076.570068359375,1881.6800537109375
2022-12-02,4071.699951171875,1892.8399658203125
2022-12-05,3998.840087890625,1840.219970703125
2022-12-06,3941.260009765625,1812.5799560546875
2022-12-07,3933.919921875,1806.9000244140625
2022-12-08,3963.510009765625,1818.2900390625
2022-12-09,3934.3798828125,1796.6600341796875
2022-12-12,3990.56005859375,1818.6099853515625
2022-12-13,4019.64990234375,1832.3599853515625
2022-12-14,3995.320068359375,1820.449951171875
2022-12-15,3895.75,1774.6099853515625
2022-12-16,3852.360107421875,1763.4200439453125
2022-12-19,3817.659912109375,1738.5799560546875
2022-12-20,3821.6201171875,1748.02001953125
2022-12-21,3878.43994140625,1776.93994140625
2022-12-22,3822.389892578125,1754.0899658203125
2022-12-23,3844.820068359375,1760.9300537109375
2022-12-27,3829.25,1749.52001953125
2022-12-28,3783.219970703125,1722.02001953125
2022-12-29,3849.280029296875,1766.25
2022-12-30,3839.5,1761.25
2023-01-03,3824.139892578125,1750.72998046875
2023-01-04,3852.969970703125,1772.5400390625
2023-01-05,3808.10009765625,1753.18994140625
2023-01-06,3895.080078125,1792.800048828125
2023-01-09,3892.090087890625,1795.9100341796875
2023-01-10,3919.25,1822.6500244140625
2023-01-11,3969.610107421875,1844.050048828125
2023-01-12,3983.169921875,1876.06005859375
2023-01-13,3999.090087890625,1887.030029296875
2023-01-17,3990.969970703125,1884.2900390625
2023-01-18,3928.860107421875,1854.3599853515625
2023-01-19,3898.85009765625,1836.3499755859375
2023-01-20,3972.610107421875,1867.3399658203125
2023-01-23,4019.81005859375,1890.77001953125
2023-01-24,4016.949951171875,1885.6099853515625
2023-01-25,4016.219970703125,1890.3199462890625
2023-01-26,4060.429931640625,1903.06005859375
2023-01-27,4070.56005859375,1911.4599609375
2023-01-30,4017.77001953125,1885.719970703125
2023-01-31,4076.60009765625,1931.93994140625
2023-02-01,4119.2099609375,1960.81005859375
2023-02-02,4179.759765625,2001.219970703125
2023-02-03,4136.47998046875,1985.530029296875
2023-02-06,4111.080078125,1957.719970703125
2023-02-07,4164.0,1972.6099853515625
2023-02-08,4117.85986328125,1942.5999755859375
2023-02-09,4081.5,1915.3399658203125
2023-02-10,4090.4599609375,1918.81005859375
2023-02-13,4137.2900390625,1941.1400146484375
2023-02-14,4136.1298828125,1939.9100341796875
2023-02-15,4147.60009765625,1960.969970703125
2023-02-16,4090.409912109375,1942.2099609375
2023-02-17,4079.090087890625,1946.3599853515625
2023-02-21,3997.340087890625,1888.2099609375
2023-02-22,3991.050048828125,1894.6800537109375
2023-02-23,4012.320068359375,1908.0899658203125
2023-02-24,3970.0400390625,1890.489990234375
2023-02-27,3982.239990234375,1896.27001953125
2023-02-28,3970.14990234375,1896.989990234375
2023-03-01,3951.389892578125,1898.4300537109375
2023-03-02,3981.35009765625,1902.6600341796875
2023-03-03,4045.639892578125,1928.260009765625
2023-03-06,4048.419921875,1899.760009765625
2023-03-07,3986.3701171875,1878.719970703125
2023-03-08,3992.010009765625,1879.47998046875
2023-03-09,3918.320068359375,1826.5899658203125
2023-03-10,3861.590087890625,1772.699951171875
2023-03-13,3855.760009765625,1744.300048828125
2023-03-14,3919.2900390625,1776.8900146484375
2023-03-15,3891.929931640625,1745.93994140625
2023-03-16,3960.280029296875,1771.239990234375
2023-03-17,3916.639892578125,1725.8900146484375
2023-03-20,3951.570068359375,1744.989990234375
2023-03-21,4002.8701171875,1777.739990234375
2023-03-22,3936.969970703125,1727.3599853515625
2023-03-23,3948.719970703125,1720.2900390625
2023-03-24,3970.989990234375,1734.9200439453125
2023-03-27,3977.530029296875,1753.6700439453125
2023-03-28,3971.27001953125,1752.6300048828125
2023-03-29,4027.81005859375,1771.5999755859375
2023-03-30,4050.830078125,1768.3800048828125
2023-03-31,4109.31005859375,1802.47998046875
2023-04-03,4124.509765625,1802.31005859375
2023-04-04,4100.60009765625,1769.6500244140625
2023-04-05,4090.3798828125,1752.1300048828125
2023-04-06,4105.02001953125,1754.4599609375
2023-04-10,4109.10986328125,1772.43994140625
2023-04-11,4108.93994140625,1786.5899658203125
2023-04-12,4091.949951171875,1773.699951171875
2023-04-13,4146.22021484375,1796.6800537109375
2023-04-14,4137.64013671875,1781.1500244140625
2023-04-17,4151.31982421875,1802.8399658203125
2023-04-18,4154.8701171875,1795.550048828125
2023-04-19,4154.52001953125,1799.43994140625
2023-04-20,4129.7900390625,1789.699951171875
2023-04-21,4133.52001953125,1791.510009765625
2023-04-24,4137.0400390625,1788.8699951171875
2023-04-25,4071.6298828125,1745.949951171875
2023-04-26,4055.989990234375,1730.4100341796875
2023-04-27,4135.35009765625,1751.219970703125
2023-04-28,4169.47998046875,1768.989990234375
2023-05-01,4167.8701171875,1769.2099609375
2023-05-02,4119.580078125,1732.1099853515625
2023-05-03,4090.75,1739.280029296875
2023-05-04,4061.219970703125,1718.81005859375
2023-05-05,4136.25,1759.8800048828125
2023-05-08,4138.1201171875,1754.469970703125
2023-05-09,4119.169921875,1749.6800537109375
2023-05-10,4137.64013671875,1759.510009765625
2023-05-11,4130.6201171875,1744.7099609375
2023-05-12,4124.080078125,1740.8499755859375
2023-05-15,4136.27978515625,1761.550048828125
2023-05-16,4109.89990234375,1736.1800537109375
2023-05-17,4158.77001953125,1774.5
2023-05-18,4198.0498046875,1784.8599853515625
2023-05-19,4191.97998046875,1773.719970703125
2023-05-22,4192.6298828125,1795.3800048828125
2023-05-23,4145.580078125,1787.7099609375
2023-05-24,4115.240234375,1767.0
2023-05-25,4151.27978515625,1754.5999755859375
2023-05-26,4205.4501953125,1773.02001953125
2023-05-30,4205.52001953125,1767.2900390625
2023-05-31,4179.830078125,1749.6500244140625
2023-06-01,4221.02001953125,1767.93994140625
2023-06-02,4282.3701171875,1830.9100341796875
2023-06-05,4273.7900390625,1806.7099609375
2023-06-06,4283.85009765625,1855.4000244140625
2023-06-07,4267.52001953125,1888.449951171875
2023-06-08,4293.93017578125,1880.780029296875
2023-06-09,4298.85986328125,1865.7099609375
2023-06-12,4338.93017578125,1873.2099609375
2023-06-13,4369.009765625,1896.3299560546875
2023-06-14,4372.58984375,1874.0999755859375
2023-06-15,4425.83984375,1889.280029296875
2023-06-16,4409.58984375,1875.469970703125
2023-06-20,4388.7099609375,1866.699951171875
2023-06-21,4365.68994140625,1863.010009765625
2023-06-22,4381.89013671875,1848.1800537109375
2023-06-23,4348.330078125,1821.6300048828125
2023-06-26,4328.81982421875,1823.260009765625
2023-06-27,4378.41015625,1849.9300537109375
2023-06-28,4376.85986328125,1858.7099609375
2023-06-29,4396.43994140625,1881.5899658203125
2023-06-30,4450.3798828125,1888.72998046875
2023-07-03,4455.58984375,1896.780029296875
2023-07-05,4446.81982421875,1872.9100341796875
2023-07-06,4411.58984375,1842.22998046875
2023-07-07,4398.9501953125,1864.6600341796875
2023-07-10,4409.52978515625,1895.25
2023-07-11,4439.259765625,1913.3599853515625
2023-07-12,4472.16015625,1933.3800048828125
2023-07-13,4510.0400390625,1950.8900146484375
2023-07-14,4505.419921875,1931.0899658203125
2023-07-17,4522.7900390625,1951.27001953125
2023-07-18,4554.97998046875,1976.0699462890625
2023-07-19,4565.72021484375,1984.8900146484375
2023-07-20,4534.8701171875,1967.1600341796875
2023-07-21,4536.33984375,1960.260009765625
2023-07-24,4554.64013671875,1965.6800537109375
2023-07-25,4567.4599609375,1966.1099853515625
2023-07-26,4566.75,1980.3599853515625
2023-07-27,4537.41015625,1954.9000244140625
2023-07-28,4582.22998046875,1981.5400390625
2023-07-31,4588.9599609375,2003.1800537109375
2023-08-01,4576.72998046875,1994.1700439453125
2023-08-02,4513.39013671875,1966.8299560546875
2023-08-03,4501.89013671875,1961.4000244140625
2023-08-04,4478.02978515625,1957.4599609375
2023-08-07,4518.43994140625,1958.93994140625
2023-08-08,4499.3798828125,1947.4200439453125
2023-08-09,4467.7099609375,1930.77001953125
2023-08-10,4468.830078125,1922.6199951171875
2023-08-11,4464.0498046875,1925.1099853515625
2023-08-14,4489.72021484375,1920.489990234375
2023-08-15,4437.85986328125,1895.75
2023-08-16,4404.330078125,1871.52001953125
2023-08-17,4370.35986328125,1850.06005859375
2023-08-18,4369.7099609375,1859.4200439453125
2023-08-21,4399.77001953125,1856.010009765625
2023-08-22,4387.5498046875,1850.8399658203125
2023-08-23,4436.009765625,1870.030029296875
2023-08-24,4376.31005859375,1846.280029296875
2023-08-25,4405.7099609375,1853.6300048828125
2023-08-28,4433.31005859375,1869.010009765625
2023-08-29,4497.6298828125,1895.5400390625
2023-08-30,4514.8701171875,1903.2099609375
2023-08-31,4507.66015625,1899.6800537109375
2023-09-01,4515.77001953125,1920.8299560546875
2023-09-05,4496.830078125,1880.449951171875
2023-09-06,4465.47998046875,1874.280029296875
2023-09-07,4451.14013671875,1855.760009765625
2023-09-08,4457.490234375,1851.5400390625
2023-09-11,4487.4599609375,1855.1400146484375
2023-09-12,4461.89990234375,1855.3199462890625
2023-09-13,4467.43994140625,1840.8399658203125
2023-09-14,4505.10009765625,1866.6300048828125
2023-09-15,4450.31982421875,1847.030029296875
2023-09-18,4453.52978515625,1834.300048828125
2023-09-19,4443.9501953125,1826.530029296875
2023-09-20,4402.2001953125,1810.0999755859375
2023-09-21,4330.0,1781.8299560546875
2023-09-22,4320.06005859375,1776.5
2023-09-25,4337.43994140625,1784.239990234375
2023-09-26,4273.52978515625,1761.6099853515625
2023-09-27,4274.509765625,1778.9000244140625
2023-09-28,4299.7001953125,1794.31005859375
2023-09-29,4288.0498046875,1785.0999755859375
2023-10-02,4288.39013671875,1756.8199462890625
2023-10-03,4229.4501953125,1727.1500244140625
2023-10-04,4263.75,1729.010009765625
2023-10-05,4258.18994140625,1731.510009765625
2023-10-06,4308.5,1745.56005859375
2023-10-09,4335.66015625,1755.989990234375
2023-10-10,4358.240234375,1775.949951171875
2023-10-11,4376.9501953125,1773.300048828125
2023-10-12,4349.60986328125,1734.25
2023-10-13,4327.77978515625,1719.7099609375
2023-10-16,4373.6298828125,1747.06005859375
2023-10-17,4373.2001953125,1766.050048828125
2023-10-18,4314.60009765625,1728.81005859375
2023-10-19,4278.0,1702.699951171875
2023-10-20,4224.16015625,1680.7900390625
2023-10-23,4217.0400390625,1665.8800048828125
2023-10-24,4247.68017578125,1679.5
2023-10-25,4186.77001953125,1651.4300537109375
2023-10-26,4137.22998046875,1657.0
2023-10-27,4117.3701171875,1636.93994140625
2023-10-30,4166.81982421875,1647.2900390625
2023-10-31,4193.7998046875,1662.280029296875
2023-11-01,4237.85986328125,1669.699951171875
2023-11-02,4317.77978515625,1714.2099609375
2023-11-03,4358.33984375,1760.699951171875
2023-11-06,4365.97998046875,1737.93994140625
2023-11-07,4378.3798828125,1733.1500244140625
2023-11-08,4382.77978515625,1714.0699462890625
2023-11-09,4347.35009765625,1687.239990234375
2023-11-10,4415.240234375,1705.3199462890625
2023-11-13,4411.5498046875,1705.5
2023-11-14,4495.7001953125,1798.3199462890625
2023-11-15,4502.8798828125,1801.219970703125
2023-11-16,4508.240234375,1773.760009765625
2023-11-17,4514.02001953125,1797.77001953125
2023-11-20,4547.3798828125,1807.0799560546875
2023-11-21,4538.18994140625,1783.260009765625
2023-11-22,4556.6201171875,1795.5400390625
2023-11-24,4559.33984375,1807.5
2023-11-27,4550.43017578125,1801.1500244140625
2023-11-28,4554.89013671875,1792.81005859375
2023-11-29,4550.580078125,1803.81005859375
2023-11-30,4567.7998046875,1809.02001953125
2023-12-01,4594.6298828125,1862.6400146484375
2023-12-04,4569.77978515625,1882.02001953125
2023-12-05,4567.18017578125,1856.0400390625
2023-12-06,4549.33984375,1852.050048828125
2023-12-07,4585.58984375,1868.25
2023-12-08,4604.3701171875,1880.8199462890625
2023-12-11,4622.43994140625,1883.6800537109375
2023-12-12,4643.7001953125,1881.27001953125
2023-12-13,4707.08984375,1947.510009765625
2023-12-14,4719.5498046875,2000.510009765625
2023-12-15,4719.18994140625,1985.1300048828125
2023-12-18,4740.56005859375,1982.4200439453125
2023-12-19,4768.3701171875,2020.949951171875
2023-12-20,4698.35009765625,1982.8399658203125
2023-12-21,4746.75,2017.06005859375
2023-12-22,4754.6298828125,2033.9599609375
2023-12-26,4774.75,2059.18994140625
2023-12-27,4781.580078125,2066.2099609375
2023-12-28,4783.35009765625,2058.340087890625
2023-12-29,4769.830078125,2027.0699462890625
2024-01-02,4742.830078125,2012.800048828125
2024-01-03,4704.81005859375,1959.199951171875
2024-01-04,4688.68017578125,1957.72998046875
2024-01-05,4697.240234375,1951.1400146484375
2024-01-08,4763.5400390625,1989.010009765625
2024-01-09,4756.5,1968.0400390625
2024-01-10,4783.4501953125,1970.260009765625
2024-01-11,4780.240234375,1955.4599609375
2024-01-12,4783.830078125,1950.9599609375
2024-01-16,4765.97998046875,1927.300048828125
2024-01-17,4739.2099609375,1913.1700439453125
2024-01-18,4780.93994140625,1923.6500244140625
2024-01-19,4839.81005859375,1944.3900146484375
2024-01-22,4850.43017578125,1983.3800048828125
2024-01-23,4864.60009765625,1976.27001953125
2024-01-24,4868.5498046875,1961.8599853515625
2024-01-25,4894.16015625,1975.8800048828125
2024-01-26,4890.97021484375,1978.3299560546875
2024-01-29,4927.93017578125,2011.4200439453125
2024-01-30,4924.97021484375,1996.239990234375
2024-01-31,4845.64990234375,1947.3399658203125
2024-02-01,4906.18994140625,1974.4200439453125
2024-02-02,4958.60986328125,1962.72998046875
2024-02-05,4942.81005859375,1937.239990234375
2024-02-06,4954.22998046875,1953.6300048828125
2024-02-07,4995.06005859375,1950.3599853515625
2024-02-08,4997.91015625,1979.699951171875
2024-02-09,5026.60986328125,2009.989990234375
2024-02-12,5021.83984375,2045.260009765625
2024-02-13,4953.169921875,1964.1700439453125
2024-02-14,5000.6201171875,2012.0999755859375
2024-02-15,5029.72998046875,2061.47998046875
2024-02-16,5005.56982421875,2045.1400146484375
2024-02-20,4975.509765625,2004.1400146484375
2024-02-21,4981.7998046875,1994.739990234375
2024-02-22,5087.02978515625,2013.8399658203125
2024-02-23,5088.7998046875,2016.68994140625
2024-02-26,5069.52978515625,2028.969970703125
2024-02-27,5078.18017578125,2056.110107421875
2024-02-28,5069.759765625,2040.31005859375
2024-02-29,5096.27001953125,2054.840087890625
2024-03-01,5137.080078125,2076.389892578125
2024-03-04,5130.9501953125,2074.31005859375
2024-03-05,5078.64990234375,2053.7099609375
2024-03-06,5104.759765625,2068.090087890625
2024-03-07,5157.35986328125,2084.739990234375
2024-03-08,5123.68994140625,2082.7099609375
2024-03-11,5117.93994140625,2065.8798828125
2024-03-12,5175.27001953125,2065.47998046875
2024-03-13,5165.31005859375,2071.7099609375
2024-03-14,5150.47998046875,2031.1800537109375
2024-03-15,5117.08984375,2039.3199462890625
2024-03-18,5149.419921875,2024.739990234375
2024-03-19,5178.509765625,2035.7099609375
2024-03-20,5224.6201171875,2074.8798828125
2024-03-21,5241.52978515625,2098.56005859375
2024-03-22,5234.18017578125,2072.0
2024-03-25,5218.18994140625,2074.159912109375
2024-03-26,5203.580078125,2070.159912109375
2024-03-27,5248.490234375,2114.35009765625
2024-03-28,5254.35009765625,2124.550048828125
2024-04-01,5243.77001953125,2102.840087890625
2024-04-02,5205.81005859375,2065.0400390625
2024-04-03,5211.490234375,2076.199951171875
2024-04-04,5147.2099609375,2053.830078125
2024-04-05,5204.33984375,2063.469970703125
2024-04-08,5202.39013671875,2073.7099609375
2024-04-09,5209.91015625,2080.800048828125
2024-04-10,5160.64013671875,2028.3900146484375
2024-04-11,5199.06005859375,2042.5999755859375
2024-04-12,5123.41015625,2003.1700439453125
2024-04-15,5061.81982421875,1975.7099609375
2024-04-16,5051.41015625,1967.47998046875
2024-04-17,5022.2099609375,1947.949951171875
2024-04-18,5011.1201171875,1942.9599609375
2024-04-19,4967.22998046875,1947.6600341796875
2024-04-22,5010.60009765625,1967.469970703125
2024-04-23,5070.5498046875,2002.6400146484375
2024-04-24,5071.6298828125,1995.4300537109375
2024-04-25,5048.419921875,1981.1199951171875
2024-04-26,5099.9599609375,2002.0
2024-04-29,5116.169921875,2016.030029296875
2024-04-30,5035.68994140625,1973.9100341796875
2024-05-01,5018.39013671875,1980.22998046875
2024-05-02,5064.2001953125,2016.1099853515625
2024-05-03,5127.7900390625,2035.719970703125
2024-05-06,5180.740234375,2060.669921875
2024-05-07,5187.7001953125,2064.64990234375
2024-05-08,5187.669921875,2055.139892578125
2024-05-09,5214.080078125,2073.6298828125
2024-05-10,5222.68017578125,2059.780029296875
2024-05-13,5221.419921875,2062.1201171875
2024-05-14,5246.68017578125,2085.68994140625
2024-05-15,5308.14990234375,2109.4599609375
2024-05-16,5297.10009765625,2096.25
2024-05-17,5303.27001953125,2095.719970703125
2024-05-20,5308.1298828125,2102.5
2024-05-21,5321.41015625,2098.360107421875
2024-05-22,5307.009765625,2081.7099609375
2024-05-23,5267.83984375,2048.409912109375
2024-05-24,5304.72021484375,2069.669921875
2024-05-28,5306.0400390625,2066.85009765625
2024-05-29,5266.9501953125,2036.18994140625
2024-05-30,5235.47998046875,2056.60009765625
2024-05-31,5277.509765625,2070.1298828125
2024-06-03,5283.39990234375,2059.679931640625
2024-06-04,5291.33984375,2033.93994140625
2024-06-05,5354.02978515625,2063.8701171875
2024-06-06,5352.9599609375,2049.43994140625
2024-06-07,5346.990234375,2026.550048828125
2024-06-10,5360.7900390625,2031.6099853515625
2024-06-11,5375.31982421875,2024.3499755859375
2024-06-12,5421.02978515625,2057.10009765625
2024-06-13,5433.740234375,2038.9100341796875
2024-06-14,5431.60009765625,2006.1600341796875
2024-06-17,5473.22998046875,2022.010009765625
2024-06-18,5487.02978515625,2025.22998046875
2024-06-20,5473.169921875,2017.3900146484375
2024-06-21,5464.6201171875,2022.030029296875
2024-06-24,5447.8701171875,2030.81005859375
2024-06-25,5469.2998046875,2022.3499755859375
2024-06-26,5477.89990234375,2018.1199951171875
2024-06-27,5482.8701171875,2038.3399658203125
2024-06-28,5460.47998046875,2047.68994140625
2024-07-01,5475.08984375,2030.0699462890625
2024-07-02,5509.009765625,2033.8699951171875
2024-07-03,5537.02001953125,2036.6199951171875
2024-07-05,5567.18994140625,2026.72998046875
2024-07-08,5572.85009765625,2038.6700439453125
2024-07-09,5576.97998046875,2029.469970703125
2024-07-10,5633.91015625,2051.75
2024-07-11,5584.5400390625,2125.0400390625
2024-07-12,5615.35009765625,2148.27001953125
2024-07-15,5631.22021484375,2187.02001953125
2024-07-16,5667.2001953125,2263.669921875
2024-07-17,5588.27001953125,2239.669921875
2024-07-18,5544.58984375,2198.2900390625
2024-07-19,5505.0,2184.35009765625
2024-07-22,5564.41015625,2220.64990234375
2024-07-23,5555.740234375,2243.27001953125
2024-07-24,5427.1298828125,2195.3701171875
2024-07-25,5399.22021484375,2222.97998046875
2024-07-26,5459.10009765625,2260.070068359375
2024-07-29,5463.5400390625,2235.330078125
2024-07-30,5436.43994140625,2243.139892578125
2024-07-31,5522.2998046875,2254.47998046875
